
<hibernate-configuration>
  <session-factory>
    <property name="hibernate.connection.driver_class">com.mysql.cj.jdbc.Driver</property>
    <property name="hibernate.connection.url">jdbc:mysql://localhost:3306/citizen_passport_db</property>
    <property name="hibernate.connection.username">root</property>
    <property name="hibernate.connection.password">root</property>

    <property name="hibernate.dialect">org.hibernate.dialect.MySQL8Dialect</property>
    <property name="hibernate.hbm2ddl.auto">update</property>
    <property name="show_sql">true</property>

    <!-- Entity Mappings -->
    <mapping class="com.example.entity.Citizen"/>
    <mapping class="com.example.entity.Passport"/>
  </session-factory>
</hibernate-configuration>
